ensg,symbol,name
ENSG00000019102,VSIG2,V-set and immunoglobulin domain containing 2
ENSG00000066056,TIE1,tyrosine kinase with immunoglobulin like and EGF like domains 1
ENSG00000080854,IGSF9B,immunoglobulin superfamily member 9B
ENSG00000085552,IGSF9,immunoglobulin superfamily member 9
ENSG00000089289,IGBP1,immunoglobulin binding protein 1
ENSG00000101842,VSIG1,V-set and immunoglobulin domain containing 1
ENSG00000103742,IGDCC4,immunoglobulin superfamily DCC subclass member 4
ENSG00000104970,KIR3DX1,"killer cell immunoglobulin like receptor, three Ig domains X1 (pseudogene)"
ENSG00000104972,LILRB1,leukocyte immunoglobulin like receptor B1
ENSG00000104974,LILRA1,leukocyte immunoglobulin like receptor A1
ENSG00000105609,LILRB5,leukocyte immunoglobulin like receptor B5
ENSG00000121933,TMIGD3,transmembrane and immunoglobulin domain containing 3
ENSG00000124232,RBPJL,recombination signal binding protein for immunoglobulin kappa J region like
ENSG00000125498,KIR2DL1,"killer cell immunoglobulin like receptor, two Ig domains and long cytoplasmic tail 1"
ENSG00000127578,WFIKKN1,"WAP, follistatin/kazal, immunoglobulin, kunitz and netrin domain containing 1"
ENSG00000128322,IGLL1,immunoglobulin lambda like polypeptide 1
ENSG00000129009,ISLR,immunoglobulin superfamily containing leucine rich repeat
ENSG00000131042,LILRB2,leukocyte immunoglobulin like receptor B2
ENSG00000132740,IGHMBP2,immunoglobulin mu DNA binding protein 2
ENSG00000134897,BIVM,"basic, immunoglobulin-like variable motif containing"
ENSG00000139263,LRIG3,leucine rich repeats and immunoglobulin like domains 3
ENSG00000140749,IGSF6,immunoglobulin superfamily member 6
ENSG00000143061,IGSF3,immunoglobulin superfamily member 3
ENSG00000143195,ILDR2,immunoglobulin like domain containing receptor 2
ENSG00000144749,LRIG1,leucine rich repeats and immunoglobulin like domains 1
ENSG00000144847,IGSF11,immunoglobulin superfamily member 11
ENSG00000145103,ILDR1,immunoglobulin like domain containing receptor 1
ENSG00000145850,TIMD4,T cell immunoglobulin and mucin domain containing 4
ENSG00000147255,IGSF1,immunoglobulin superfamily member 1
ENSG00000152580,IGSF10,immunoglobulin superfamily member 10
ENSG00000155659,VSIG4,V-set and immunoglobulin domain containing 4
ENSG00000156755,IGKV1OR-2,immunoglobulin kappa variable 1/OR-2 (pseudogene)
ENSG00000162729,IGSF8,immunoglobulin superfamily member 8
ENSG00000162896,PIGR,polymeric immunoglobulin receptor
ENSG00000163395,IGFN1,immunoglobulin like and fibronectin type III domain containing 1
ENSG00000167178,ISLR2,immunoglobulin superfamily containing leucine rich repeat 2
ENSG00000167613,LAIR1,leukocyte associated immunoglobulin like receptor 1
ENSG00000167618,LAIR2,leukocyte associated immunoglobulin like receptor 2
ENSG00000167633,KIR3DL1,"killer cell immunoglobulin like receptor, three Ig domains and long cytoplasmic tail 1"
ENSG00000167664,TMIGD2,transmembrane and immunoglobulin domain containing 2
ENSG00000168214,RBPJ,recombination signal binding protein for immunoglobulin kappa J region
ENSG00000170858,LILRP2,leukocyte immunoglobulin-like receptor pseudogene 2
ENSG00000173714,WFIKKN2,"WAP, follistatin/kazal, immunoglobulin, kunitz and netrin domain containing 2"
ENSG00000174498,IGDCC3,immunoglobulin superfamily DCC subclass member 3
ENSG00000176834,VSIG10,V-set and immunoglobulin domain containing 10
ENSG00000179057,IGSF22,immunoglobulin superfamily member 22
ENSG00000182271,TMIGD1,transmembrane and immunoglobulin domain containing 1
ENSG00000183067,IGSF5,immunoglobulin superfamily member 5
ENSG00000186152,LILRP1,leukocyte immunoglobulin-like receptor pseudogene 1
ENSG00000186806,VSIG10L,V-set and immunoglobulin domain containing 10 like
ENSG00000186818,LILRB4,leukocyte immunoglobulin like receptor B4
ENSG00000187116,LILRA5,leukocyte immunoglobulin like receptor A5
ENSG00000188403,IGHV1OR15-9,immunoglobulin heavy variable 1/OR15-9 (non-functional)
ENSG00000189013,KIR2DL4,"killer cell immunoglobulin like receptor, two Ig domains and long cytoplasmic tail 4"
ENSG00000197794,IGKV7-3,immunoglobulin kappa variable 7-3 (pseudogene)
ENSG00000198799,LRIG2,leucine rich repeats and immunoglobulin like domains 2
ENSG00000204577,LILRB3,leukocyte immunoglobulin like receptor B3
ENSG00000204670,IGKV1OR2-3,immunoglobulin kappa variable 1/OR2-3 (pseudogene)
ENSG00000204776,IGKV1OR-3,immunoglobulin kappa variable 1/OR-3 (pseudogene)
ENSG00000204780,IGKV1OR9-1,immunoglobulin kappa variable 1/OR9-1 (pseudogene)
ENSG00000206066,IGLL3P,"immunoglobulin lambda like polypeptide 3, pseudogene"
ENSG00000211592,IGKC,immunoglobulin kappa constant
ENSG00000211593,IGKJ5,immunoglobulin kappa joining 5
ENSG00000211594,IGKJ4,immunoglobulin kappa joining 4
ENSG00000211595,IGKJ3,immunoglobulin kappa joining 3
ENSG00000211596,IGKJ2,immunoglobulin kappa joining 2
ENSG00000211597,IGKJ1,immunoglobulin kappa joining 1
ENSG00000211598,IGKV4-1,immunoglobulin kappa variable 4-1
ENSG00000211599,IGKV5-2,immunoglobulin kappa variable 5-2
ENSG00000211611,IGKV6-21,immunoglobulin kappa variable 6-21 (non-functional)
ENSG00000211623,IGKV2D-26,immunoglobulin kappa variable 2D-26
ENSG00000211625,IGKV3D-20,immunoglobulin kappa variable 3D-20
ENSG00000211626,IGKV6D-41,immunoglobulin kappa variable 6D-41 (non-functional)
ENSG00000211632,IGKV3D-11,immunoglobulin kappa variable 3D-11
ENSG00000211633,IGKV1D-42,immunoglobulin kappa variable 1D-42 (non-functional)
ENSG00000211637,IGLV4-69,immunoglobulin lambda variable 4-69
ENSG00000211638,IGLV8-61,immunoglobulin lambda variable 8-61
ENSG00000211639,IGLV4-60,immunoglobulin lambda variable 4-60
ENSG00000211640,IGLV6-57,immunoglobulin lambda variable 6-57
ENSG00000211641,IGLV11-55,immunoglobulin lambda variable 11-55 (non-functional)
ENSG00000211642,IGLV10-54,immunoglobulin lambda variable 10-54
ENSG00000211643,IGLV5-52,immunoglobulin lambda variable 5-52
ENSG00000211644,IGLV1-51,immunoglobulin lambda variable 1-51
ENSG00000211645,IGLV1-50,immunoglobulin lambda variable 1-50 (non-functional)
ENSG00000211647,IGLV5-48,immunoglobulin lambda variable 5-48 (non-functional)
ENSG00000211648,IGLV1-47,immunoglobulin lambda variable 1-47
ENSG00000211649,IGLV7-46,immunoglobulin lambda variable 7-46
ENSG00000211650,IGLV5-45,immunoglobulin lambda variable 5-45
ENSG00000211651,IGLV1-44,immunoglobulin lambda variable 1-44
ENSG00000211652,IGLV7-43,immunoglobulin lambda variable 7-43
ENSG00000211653,IGLV1-40,immunoglobulin lambda variable 1-40
ENSG00000211654,IGLV5-37,immunoglobulin lambda variable 5-37
ENSG00000211655,IGLV1-36,immunoglobulin lambda variable 1-36
ENSG00000211656,IGLV2-33,immunoglobulin lambda variable 2-33 (non-functional)
ENSG00000211657,IGLV3-32,immunoglobulin lambda variable 3-32 (non-functional)
ENSG00000211658,IGLV3-27,immunoglobulin lambda variable 3-27
ENSG00000211659,IGLV3-25,immunoglobulin lambda variable 3-25
ENSG00000211660,IGLV2-23,immunoglobulin lambda variable 2-23
ENSG00000211661,IGLV3-22,immunoglobulin lambda variable 3-22
ENSG00000211662,IGLV3-21,immunoglobulin lambda variable 3-21
ENSG00000211663,IGLV3-19,immunoglobulin lambda variable 3-19
ENSG00000211664,IGLV2-18,immunoglobulin lambda variable 2-18
ENSG00000211665,IGLV3-16,immunoglobulin lambda variable 3-16
ENSG00000211666,IGLV2-14,immunoglobulin lambda variable 2-14
ENSG00000211667,IGLV3-12,immunoglobulin lambda variable 3-12
ENSG00000211668,IGLV2-11,immunoglobulin lambda variable 2-11
ENSG00000211669,IGLV3-10,immunoglobulin lambda variable 3-10
ENSG00000211670,IGLV3-9,immunoglobulin lambda variable 3-9
ENSG00000211672,IGLV4-3,immunoglobulin lambda variable 4-3
ENSG00000211673,IGLV3-1,immunoglobulin lambda variable 3-1
ENSG00000211674,IGLJ1,immunoglobulin lambda joining 1
ENSG00000211675,IGLC1,immunoglobulin lambda constant 1
ENSG00000211676,IGLJ2,immunoglobulin lambda joining 2
ENSG00000211677,IGLC2,immunoglobulin lambda constant 2
ENSG00000211678,IGLJ3,immunoglobulin lambda joining 3
ENSG00000211679,IGLC3,immunoglobulin lambda constant 3 (Kern-Oz+ marker)
ENSG00000211680,IGLJ4,immunoglobulin lambda joining 4 (non-functional)
ENSG00000211681,IGLJ5,immunoglobulin lambda joining 5 (non-functional)
ENSG00000211682,IGLJ6,immunoglobulin lambda joining 6
ENSG00000211684,IGLJ7,immunoglobulin lambda joining 7
ENSG00000211685,IGLC7,immunoglobulin lambda constant 7
ENSG00000211890,IGHA2,immunoglobulin heavy constant alpha 2 (A2m marker)
ENSG00000211891,IGHE,immunoglobulin heavy constant epsilon
ENSG00000211892,IGHG4,immunoglobulin heavy constant gamma 4 (G4m marker)
ENSG00000211893,IGHG2,immunoglobulin heavy constant gamma 2 (G2m marker)
ENSG00000211895,IGHA1,immunoglobulin heavy constant alpha 1
ENSG00000211896,IGHG1,immunoglobulin heavy constant gamma 1 (G1m marker)
ENSG00000211897,IGHG3,immunoglobulin heavy constant gamma 3 (G3m marker)
ENSG00000211898,IGHD,immunoglobulin heavy constant delta
ENSG00000211899,IGHM,immunoglobulin heavy constant mu
ENSG00000211900,IGHJ6,immunoglobulin heavy joining 6
ENSG00000211904,IGHJ2,immunoglobulin heavy joining 2
ENSG00000211905,IGHJ1,immunoglobulin heavy joining 1
ENSG00000211907,IGHD1-26,immunoglobulin heavy diversity 1-26
ENSG00000211909,IGHD5-24,immunoglobulin heavy diversity 5-24 (non-functional)
ENSG00000211911,IGHD3-22,immunoglobulin heavy diversity 3-22
ENSG00000211912,IGHD2-21,immunoglobulin heavy diversity 2-21
ENSG00000211914,IGHD6-19,immunoglobulin heavy diversity 6-19
ENSG00000211915,IGHD5-18,immunoglobulin heavy diversity 5-18
ENSG00000211917,IGHD3-16,immunoglobulin heavy diversity 3-16
ENSG00000211918,IGHD2-15,immunoglobulin heavy diversity 2-15
ENSG00000211920,IGHD6-13,immunoglobulin heavy diversity 6-13
ENSG00000211921,IGHD5-12,immunoglobulin heavy diversity 5-12
ENSG00000211923,IGHD3-10,immunoglobulin heavy diversity 3-10
ENSG00000211924,IGHD3-9,immunoglobulin heavy diversity 3-9
ENSG00000211925,IGHD2-8,immunoglobulin heavy diversity 2-8
ENSG00000211928,IGHD5-5,immunoglobulin heavy diversity 5-5
ENSG00000211930,IGHD3-3,immunoglobulin heavy diversity 3-3
ENSG00000211931,IGHD2-2,immunoglobulin heavy diversity 2-2
ENSG00000211933,IGHV6-1,immunoglobulin heavy variable 6-1
ENSG00000211934,IGHV1-2,immunoglobulin heavy variable 1-2
ENSG00000211935,IGHV1-3,immunoglobulin heavy variable 1-3
ENSG00000211937,IGHV2-5,immunoglobulin heavy variable 2-5
ENSG00000211938,IGHV3-7,immunoglobulin heavy variable 3-7
ENSG00000211941,IGHV3-11,immunoglobulin heavy variable 3-11
ENSG00000211942,IGHV3-13,immunoglobulin heavy variable 3-13
ENSG00000211943,IGHV3-15,immunoglobulin heavy variable 3-15
ENSG00000211944,IGHV3-16,immunoglobulin heavy variable 3-16 (non-functional)
ENSG00000211945,IGHV1-18,immunoglobulin heavy variable 1-18
ENSG00000211946,IGHV3-20,immunoglobulin heavy variable 3-20
ENSG00000211947,IGHV3-21,immunoglobulin heavy variable 3-21
ENSG00000211949,IGHV3-23,immunoglobulin heavy variable 3-23
ENSG00000211950,IGHV1-24,immunoglobulin heavy variable 1-24
ENSG00000211951,IGHV2-26,immunoglobulin heavy variable 2-26
ENSG00000211952,IGHV4-28,immunoglobulin heavy variable 4-28
ENSG00000211955,IGHV3-33,immunoglobulin heavy variable 3-33
ENSG00000211956,IGHV4-34,immunoglobulin heavy variable 4-34
ENSG00000211957,IGHV3-35,immunoglobulin heavy variable 3-35 (non-functional)
ENSG00000211958,IGHV3-38,immunoglobulin heavy variable 3-38 (non-functional)
ENSG00000211959,IGHV4-39,immunoglobulin heavy variable 4-39
ENSG00000211961,IGHV1-45,immunoglobulin heavy variable 1-45
ENSG00000211962,IGHV1-46,immunoglobulin heavy variable 1-46
ENSG00000211964,IGHV3-48,immunoglobulin heavy variable 3-48
ENSG00000211965,IGHV3-49,immunoglobulin heavy variable 3-49
ENSG00000211966,IGHV5-51,immunoglobulin heavy variable 5-51
ENSG00000211967,IGHV3-53,immunoglobulin heavy variable 3-53
ENSG00000211968,IGHV1-58,immunoglobulin heavy variable 1-58
ENSG00000211970,IGHV4-61,immunoglobulin heavy variable 4-61
ENSG00000211972,IGHV3-66,immunoglobulin heavy variable 3-66
ENSG00000211973,IGHV1-69,immunoglobulin heavy variable 1-69
ENSG00000211974,IGHV2-70D,immunoglobulin heavy variable 2-70D
ENSG00000211976,IGHV3-73,immunoglobulin heavy variable 3-73
ENSG00000211978,IGHV5-78,immunoglobulin heavy variable 5-78 (pseudogene)
ENSG00000211979,IGHV7-81,immunoglobulin heavy variable 7-81 (non-functional)
ENSG00000213413,PVRIG,PVR related immunoglobulin domain containing
ENSG00000215177,IGLV8OR8-1,immunoglobulin lambda variable 8/OR8-1 (pseudogene)
ENSG00000216588,IGSF23,immunoglobulin superfamily member 23
ENSG00000221957,KIR2DS4,"killer cell immunoglobulin like receptor, two Ig domains and short cytoplasmic tail 4 (gene/pseudogene)"
ENSG00000222037,IGLC6,immunoglobulin lambda constant 6
ENSG00000223350,IGLV9-49,immunoglobulin lambda variable 9-49
ENSG00000223648,IGHV3-64,immunoglobulin heavy variable 3-64
ENSG00000223816,IGKV1OR2-2,immunoglobulin kappa variable 1/OR2-2 (pseudogene)
ENSG00000224041,IGKV3D-15,immunoglobulin kappa variable 3D-15
ENSG00000224373,IGHV4-59,immunoglobulin heavy variable 4-59
ENSG00000224607,IGKV1D-27,immunoglobulin kappa variable 1D-27 (pseudogene)
ENSG00000224650,IGHV3-74,immunoglobulin heavy variable 3-74
ENSG00000225380,IGKV1OR9-2,immunoglobulin kappa variable 1/OR9-2 (pseudogene)
ENSG00000225523,IGKV6D-21,immunoglobulin kappa variable 6D-21 (non-functional)
ENSG00000225698,IGHV3-72,immunoglobulin heavy variable 3-72
ENSG00000225825,IGHD6-25,immunoglobulin heavy diversity 6-25
ENSG00000226420,IGLV3-4,immunoglobulin lambda variable 3-4 (pseudogene)
ENSG00000227108,IGHD1-14,immunoglobulin heavy diversity 1-14 (non-functional)
ENSG00000227196,IGHD4-23,immunoglobulin heavy diversity 4-23 (non-functional)
ENSG00000227335,IGHJ1P,immunoglobulin heavy joining 1P (pseudogene)
ENSG00000227800,IGHD4-17,immunoglobulin heavy diversity 4-17
ENSG00000228131,IGHD6-6,immunoglobulin heavy diversity 6-6
ENSG00000228325,IGKV3D-7,immunoglobulin kappa variable 3D-7
ENSG00000229092,IGHV3-47,immunoglobulin heavy variable 3-47 (pseudogene)
ENSG00000230481,IGKV1OR22-5,immunoglobulin kappa variable 1/OR22-5 (pseudogene)
ENSG00000231292,IGKV1OR2-108,immunoglobulin kappa variable 1/OR2-108 (non-functional)
ENSG00000231475,IGHV4-31,immunoglobulin heavy variable 4-31
ENSG00000232216,IGHV3-43,immunoglobulin heavy variable 3-43
ENSG00000232543,IGHD4-11,immunoglobulin heavy diversity 4-11 (non-functional)
ENSG00000232747,IGKV1D-35,immunoglobulin kappa variable 1D-35 (pseudogene)
ENSG00000233655,IGHD4-4,immunoglobulin heavy diversity 4-4
ENSG00000233732,IGHV3OR16-10,immunoglobulin heavy variable 3/OR16-10 (non-functional)
ENSG00000233999,IGKV3OR2-268,immunoglobulin kappa variable 3/OR2-268 (non-functional)
ENSG00000235235,IGKV1OR2-1,immunoglobulin kappa variable 1/OR2-1 (pseudogene)
ENSG00000235333,PVRIG2P,"PVR related immunoglobulin domain containing 2, pseudogene"
ENSG00000236170,IGHD1-1,immunoglobulin heavy diversity 1-1
ENSG00000236597,IGHD7-27,immunoglobulin heavy diversity 7-27
ENSG00000237020,IGHD1-20,immunoglobulin heavy diversity 1-20
ENSG00000237111,IGHJ3P,immunoglobulin heavy joining 3P (pseudogene)
ENSG00000237197,IGHD1-7,immunoglobulin heavy diversity 1-7
ENSG00000237547,IGHJ2P,immunoglobulin heavy joining 2P (pseudogene)
ENSG00000237592,IGKV1OR10-1,immunoglobulin kappa variable 1/OR10-1 (pseudogene)
ENSG00000239571,IGKV2D-30,immunoglobulin kappa variable 2D-30
ENSG00000239819,IGKV1D-8,immunoglobulin kappa variable 1D-8
ENSG00000239855,IGKV1-6,immunoglobulin kappa variable 1-6
ENSG00000239862,IGKV1-37,immunoglobulin kappa variable 1-37 (non-functional)
ENSG00000239951,IGKV3-20,immunoglobulin kappa variable 3-20
ENSG00000239961,LILRA4,leukocyte immunoglobulin like receptor A4
ENSG00000239975,IGKV1D-33,immunoglobulin kappa variable 1D-33
ENSG00000239998,LILRA2,leukocyte immunoglobulin like receptor A2
ENSG00000240041,IGHJ4,immunoglobulin heavy joining 4
ENSG00000240382,IGKV1-17,immunoglobulin kappa variable 1-17
ENSG00000240403,KIR3DL2,"killer cell immunoglobulin like receptor, three Ig domains and long cytoplasmic tail 2"
ENSG00000240671,IGKV1-8,immunoglobulin kappa variable 1-8
ENSG00000240864,IGKV1-16,immunoglobulin kappa variable 1-16
ENSG00000241244,IGKV1D-16,immunoglobulin kappa variable 1D-16
ENSG00000241294,IGKV2-24,immunoglobulin kappa variable 2-24
ENSG00000241351,IGKV3-11,immunoglobulin kappa variable 3-11
ENSG00000241566,IGKV2D-24,immunoglobulin kappa variable 2D-24 (non-functional)
ENSG00000241755,IGKV1-9,immunoglobulin kappa variable 1-9
ENSG00000242019,KIR3DL3,"killer cell immunoglobulin like receptor, three Ig domains and long cytoplasmic tail 3"
ENSG00000242076,IGKV1-33,immunoglobulin kappa variable 1-33
ENSG00000242371,IGKV1-39,immunoglobulin kappa variable 1-39
ENSG00000242472,IGHJ5,immunoglobulin heavy joining 5
ENSG00000242473,KIR2DP1,"killer cell immunoglobulin like receptor, two Ig domains pseudogene 1"
ENSG00000242534,IGKV2D-28,immunoglobulin kappa variable 2D-28
ENSG00000242580,IGKV1D-43,immunoglobulin kappa variable 1D-43
ENSG00000242766,IGKV1D-17,immunoglobulin kappa variable 1D-17
ENSG00000242887,IGHJ3,immunoglobulin heavy joining 3
ENSG00000243063,IGKV3-7,immunoglobulin kappa variable 3-7 (non-functional)
ENSG00000243238,IGKV2-30,immunoglobulin kappa variable 2-30
ENSG00000243264,IGKV2D-29,immunoglobulin kappa variable 2D-29
ENSG00000243284,VSIG8,V-set and immunoglobulin domain containing 8
ENSG00000243290,IGKV1-12,immunoglobulin kappa variable 1-12
ENSG00000243466,IGKV1-5,immunoglobulin kappa variable 1-5
ENSG00000243519,IGLVIVOR22-2,immunoglobulin lambda variable (IV)/OR22-2 (pseudogene)
ENSG00000243772,KIR2DL3,"killer cell immunoglobulin like receptor, two Ig domains and long cytoplasmic tail 3"
ENSG00000244116,IGKV2-28,immunoglobulin kappa variable 2-28
ENSG00000244437,IGKV3-15,immunoglobulin kappa variable 3-15
ENSG00000244482,LILRA6,leukocyte immunoglobulin like receptor A6
ENSG00000244575,IGKV1-27,immunoglobulin kappa variable 1-27
ENSG00000250036,IGKV1D-37,immunoglobulin kappa variable 1D-37 (non-functional)
ENSG00000251039,IGKV2D-40,immunoglobulin kappa variable 2D-40
ENSG00000251546,IGKV1D-39,immunoglobulin kappa variable 1D-39
ENSG00000253120,IGLV2-34,immunoglobulin lambda variable 2-34 (pseudogene)
ENSG00000253126,IGLVI-56,immunoglobulin lambda variable (I)-56 (pseudogene)
ENSG00000253127,IGKV2D-36,immunoglobulin kappa variable 2D-36 (pseudogene)
ENSG00000253131,IGHV7-56,immunoglobulin heavy variable 7-56 (pseudogene)
ENSG00000253132,IGHV3-62,immunoglobulin heavy variable 3-62 (pseudogene)
ENSG00000253149,IGHVII-28-1,immunoglobulin heavy variable (II)-28-1 (pseudogene)
ENSG00000253152,IGLV3-17,immunoglobulin lambda variable 3-17 (pseudogene)
ENSG00000253158,IGKV3-31,immunoglobulin kappa variable 3-31 (pseudogene)
ENSG00000253169,IGHVII-65-1,immunoglobulin heavy variable (II)-65-1 (pseudogene)
ENSG00000253191,IGKV1D-32,immunoglobulin kappa variable 1D-32 (pseudogene)
ENSG00000253202,IGKV3-25,immunoglobulin kappa variable 3-25 (pseudogene)
ENSG00000253209,IGHV3-65,immunoglobulin heavy variable 3-65 (pseudogene)
ENSG00000253234,IGLV2-5,immunoglobulin lambda variable 2-5 (pseudogene)
ENSG00000253239,IGLVI-70,immunoglobulin lambda variable (I)-70 (pseudogene)
ENSG00000253240,IGHV3-36,immunoglobulin heavy variable 3-36 (pseudogene)
ENSG00000253241,IGHV3-50,immunoglobulin heavy variable 3-50 (pseudogene)
ENSG00000253242,IGLVIV-64,immunoglobulin lambda variable (IV)-64 (pseudogene)
ENSG00000253247,IGHV3-76,immunoglobulin heavy variable 3-76 (pseudogene)
ENSG00000253265,IGKV2-14,immunoglobulin kappa variable 2-14 (pseudogene)
ENSG00000253274,IGHV1-67,immunoglobulin heavy variable 1-67 (pseudogene)
ENSG00000253278,IGKV2-10,immunoglobulin kappa variable 2-10 (pseudogene)
ENSG00000253294,IGHVII-40-1,immunoglobulin heavy variable (II)-40-1 (pseudogene)
ENSG00000253303,IGHVIII-82,immunoglobulin heavy variable (III)-82 (pseudogene)
ENSG00000253310,IGHVIII-76-1,immunoglobulin heavy variable (III)-76-1 (pseudogene)
ENSG00000253325,IGHV7-34-1,immunoglobulin heavy variable 7-34-1 (pseudogene)
ENSG00000253329,IGLV3-30,immunoglobulin lambda variable 3-30 (pseudogene)
ENSG00000253338,IGLV3-29,immunoglobulin lambda variable 3-29 (pseudogene)
ENSG00000253345,IGHVII-22-1,immunoglobulin heavy variable (II)-22-1 (pseudogene)
ENSG00000253359,IGHV3-37,immunoglobulin heavy variable 3-37 (pseudogene)
ENSG00000253365,IGKV1D-22,immunoglobulin kappa variable 1D-22 (pseudogene)
ENSG00000253367,IGHVIII-25-1,immunoglobulin heavy variable (III)-25-1 (pseudogene)
ENSG00000253386,IGHVII-49-1,immunoglobulin heavy variable (II)-49-1 (pseudogene)
ENSG00000253387,IGHVIII-5-1,immunoglobulin heavy variable (III)-5-1 (pseudogene)
ENSG00000253412,IGHVIII-13-1,immunoglobulin heavy variable (III)-13-1 (pseudogene)
ENSG00000253435,IGKV2-4,immunoglobulin kappa variable 2-4 (pseudogene)
ENSG00000253440,IGHV3-33-2,immunoglobulin heavy variable 3-33-2 (pseudogene)
ENSG00000253441,IGHV3-25,immunoglobulin heavy variable 3-25 (pseudogene)
ENSG00000253448,IGLV3-6,immunoglobulin lambda variable 3-6 (pseudogene)
ENSG00000253451,IGLV2-28,immunoglobulin lambda variable 2-28 (pseudogene)
ENSG00000253458,IGHVII-15-1,immunoglobulin heavy variable (II)-15-1 (pseudogene)
ENSG00000253460,IGKV2OR22-3,immunoglobulin kappa variable 2/OR22-3 (pseudogene)
ENSG00000253461,IGKV1-35,immunoglobulin kappa variable 1-35 (pseudogene)
ENSG00000253462,IGHVIII-26-1,immunoglobulin heavy variable (III)-26-1 (pseudogene)
ENSG00000253465,IGHVIV-44-1,immunoglobulin heavy variable (IV)-44-1 (pseudogene)
ENSG00000253467,IGHV7-40,immunoglobulin heavy variable 7-40 (pseudogene)
ENSG00000253481,IGKV1OR22-1,immunoglobulin kappa variable 1/OR22-1 (pseudogene)
ENSG00000253482,IGHVII-26-2,immunoglobulin heavy variable (II)-26-2 (pseudogene)
ENSG00000253487,IGKV2-36,immunoglobulin kappa variable 2-36 (pseudogene)
ENSG00000253491,IGHVII-30-1,immunoglobulin heavy variable (II)-30-1 (pseudogene)
ENSG00000253497,IGKV1-13,immunoglobulin kappa variable 1-13
ENSG00000253501,IGKV3D-34,immunoglobulin kappa variable 3D-34 (pseudogene)
ENSG00000253545,IGHV3-52,immunoglobulin heavy variable 3-52 (pseudogene)
ENSG00000253546,IGLVVI-22-1,immunoglobulin lambda variable (VI)-22-1 (pseudogene)
ENSG00000253578,IGKV1-22,immunoglobulin kappa variable 1-22 (pseudogene)
ENSG00000253587,IGHV3-30-2,immunoglobulin heavy variable 3-30-2 (pseudogene)
ENSG00000253590,IGLV3-13,immunoglobulin lambda variable 3-13 (pseudogene)
ENSG00000253592,IGKV2-38,immunoglobulin kappa variable 2-38 (pseudogene)
ENSG00000253625,IGKV2-23,immunoglobulin kappa variable 2-23 (pseudogene)
ENSG00000253631,IGLV7-35,immunoglobulin lambda variable 7-35 (pseudogene)
ENSG00000253635,IGHVIII-67-3,immunoglobulin heavy variable (III)-67-3 (pseudogene)
ENSG00000253637,IGLVV-58,immunoglobulin lambda variable (V)-58 (pseudogene)
ENSG00000253674,IGHVII-78-1,immunoglobulin heavy variable (II)-78-1 (pseudogene)
ENSG00000253691,IGKV2OR22-4,immunoglobulin kappa variable 2/OR22-4 (pseudogene)
ENSG00000253692,IGHEP1,immunoglobulin heavy constant epsilon P1 (pseudogene)
ENSG00000253703,IGHV1-68,immunoglobulin heavy variable 1-68 (pseudogene)
ENSG00000253709,IGHV1-14,immunoglobulin heavy variable 1-14 (pseudogene)
ENSG00000253714,IGHVII-53-1,immunoglobulin heavy variable (II)-53-1 (pseudogene)
ENSG00000253732,IGKV2-19,immunoglobulin kappa variable 2-19 (pseudogene)
ENSG00000253742,IGHV3-60,immunoglobulin heavy variable 3-60 (pseudogene)
ENSG00000253747,IGHVII-62-1,immunoglobulin heavy variable (II)-62-1 (pseudogene)
ENSG00000253752,IGLVI-63,immunoglobulin lambda variable (I)-63 (pseudogene)
ENSG00000253755,IGHGP,immunoglobulin heavy constant gamma P (non-functional)
ENSG00000253759,IGHV3-57,immunoglobulin heavy variable 3-57 (pseudogene)
ENSG00000253763,IGHV3-6,immunoglobulin heavy variable 3-6 (pseudogene)
ENSG00000253765,IGKV2D-19,immunoglobulin kappa variable 2D-19 (pseudogene)
ENSG00000253779,IGLVVI-25-1,immunoglobulin lambda variable (VI)-25-1 (pseudogene)
ENSG00000253780,IGHVIII-2-1,immunoglobulin heavy variable (III)-2-1 (pseudogene)
ENSG00000253786,IGLV3-15,immunoglobulin lambda variable 3-15 (pseudogene)
ENSG00000253794,IGLV10-67,immunoglobulin lambda variable 10-67 (pseudogene)
ENSG00000253808,IGHVII-46-1,immunoglobulin heavy variable (II)-46-1 (pseudogene)
ENSG00000253818,IGLV1-41,immunoglobulin lambda variable 1-41 (pseudogene)
ENSG00000253820,IGHVII-67-1,immunoglobulin heavy variable (II)-67-1 (pseudogene)
ENSG00000253822,IGLV3-24,immunoglobulin lambda variable 3-24 (pseudogene)
ENSG00000253823,IGLV1-62,immunoglobulin lambda variable 1-62 (pseudogene)
ENSG00000253860,IGKV3-34,immunoglobulin kappa variable 3-34 (pseudogene)
ENSG00000253862,IGHVIII-47-1,immunoglobulin heavy variable (III)-47-1 (pseudogene)
ENSG00000253870,IGKV1-32,immunoglobulin kappa variable 1-32 (pseudogene)
ENSG00000253874,IGLVIV-66-1,immunoglobulin lambda variable (IV)-66-1 (pseudogene)
ENSG00000253883,IGHV3-19,immunoglobulin heavy variable 3-19 (pseudogene)
ENSG00000253889,IGLVI-38,immunoglobulin lambda variable (I)-38 (pseudogene)
ENSG00000253895,IGHVII-44-2,immunoglobulin heavy variable (II)-44-2 (pseudogene)
ENSG00000253906,IGKV2D-10,immunoglobulin kappa variable 2D-10 (pseudogene)
ENSG00000253913,IGLV3-26,immunoglobulin lambda variable 3-26 (pseudogene)
ENSG00000253920,IGLV3-31,immunoglobulin lambda variable 3-31 (pseudogene)
ENSG00000253935,IGLVIV-53,immunoglobulin lambda variable (IV)-53 (pseudogene)
ENSG00000253936,IGHV3-63,immunoglobulin heavy variable 3-63 (pseudogene)
ENSG00000253941,IGHVII-51-2,immunoglobulin heavy variable (II)-51-2 (pseudogene)
ENSG00000253957,IGHV3-22,immunoglobulin heavy variable 3-22 (pseudogene)
ENSG00000253963,IGLV3-2,immunoglobulin lambda variable 3-2 (pseudogene)
ENSG00000253989,IGHVIII-38-1,immunoglobulin heavy variable (III)-38-1 (pseudogene)
ENSG00000253998,IGKV2-29,immunoglobulin kappa variable 2-29
ENSG00000253999,IGKV3D-31,immunoglobulin kappa variable 3D-31 (pseudogene)
ENSG00000254009,IGKV2D-38,immunoglobulin kappa variable 2D-38 (pseudogene)
ENSG00000254017,IGHEP2,immunoglobulin heavy constant epsilon P2 (pseudogene)
ENSG00000254029,IGLC4,immunoglobulin lambda constant 4 (pseudogene)
ENSG00000254030,IGLC5,immunoglobulin lambda constant 5 (pseudogene)
ENSG00000254036,IGHVIII-67-2,immunoglobulin heavy variable (III)-67-2 (pseudogene)
ENSG00000254045,IGHVIII-22-2,immunoglobulin heavy variable (III)-22-2 (pseudogene)
ENSG00000254046,IGHV1-17,immunoglobulin heavy variable 1-17 (pseudogene)
ENSG00000254052,IGHVIII-67-4,immunoglobulin heavy variable (III)-67-4 (pseudogene)
ENSG00000254053,IGHVIII-5-2,immunoglobulin heavy variable (III)-5-2 (pseudogene)
ENSG00000254056,IGHV3-71,immunoglobulin heavy variable 3-71 (pseudogene)
ENSG00000254073,IGLVVII-41-1,immunoglobulin lambda variable (VII)-41-1 (pseudogene)
ENSG00000254075,IGLVV-66,immunoglobulin lambda variable (V)-66 (pseudogene)
ENSG00000254077,IGLV3-7,immunoglobulin lambda variable 3-7 (pseudogene)
ENSG00000254097,IGKV3D-25,immunoglobulin kappa variable 3D-25 (pseudogene)
ENSG00000254098,IGKV2-26,immunoglobulin kappa variable 2-26 (pseudogene)
ENSG00000254127,IGLCOR22-1,immunoglobulin lambda constant/OR22-1 (pseudogene)
ENSG00000254134,IGHVII-74-1,immunoglobulin heavy variable (II)-74-1 (pseudogene)
ENSG00000254157,IGKV2-18,immunoglobulin kappa variable 2-18 (pseudogene)
ENSG00000254161,IGLVIV-65,immunoglobulin lambda variable (IV)-65 (pseudogene)
ENSG00000254167,IGHV8-51-1,immunoglobulin heavy variable IGHV8-51-1 (non-functional)
ENSG00000254174,IGHV1-12,immunoglobulin heavy variable 1-12 (pseudogene)
ENSG00000254175,IGLVI-42,immunoglobulin lambda variable (I)-42 (pseudogene)
ENSG00000254176,IGHV3-75,immunoglobulin heavy variable 3-75 (pseudogene)
ENSG00000254203,IGHVII-33-1,immunoglobulin heavy variable (II)-33-1 (pseudogene)
ENSG00000254215,IGHVIII-11-1,immunoglobulin heavy variable (III)-11-1 (pseudogene)
ENSG00000254220,IGKV2D-18,immunoglobulin kappa variable 2D-18 (pseudogene)
ENSG00000254228,IGHV3-42,immunoglobulin heavy variable 3-42 (pseudogene)
ENSG00000254240,IGLVI-20,immunoglobulin lambda variable (I)-20 (pseudogene)
ENSG00000254264,IGKV3OR22-2,immunoglobulin kappa variable 3/OR22-2 (pseudogene)
ENSG00000254279,IGHVII-1-1,immunoglobulin heavy variable (II)-1-1 (pseudogene)
ENSG00000254289,IGHV3-32,immunoglobulin heavy variable 3-32 (pseudogene)
ENSG00000254292,IGKV2D-14,immunoglobulin kappa variable 2D-14 (pseudogene)
ENSG00000254308,IGLVIV-59,immunoglobulin lambda variable (IV)-59 (pseudogene)
ENSG00000254326,IGHV7-27,immunoglobulin heavy variable 7-27 (pseudogene)
ENSG00000254329,IGHVII-60-1,immunoglobulin heavy variable (II)-60-1 (pseudogene)
ENSG00000254345,IGKV2D-23,immunoglobulin kappa variable 2D-23 (pseudogene)
ENSG00000254355,IGLVI-68,immunoglobulin lambda variable (I)-68 (pseudogene)
ENSG00000254395,IGHV4-55,immunoglobulin heavy variable 4-55 (pseudogene)
ENSG00000254709,IGLL5,immunoglobulin lambda like polypeptide 5
ENSG00000259261,IGHV4OR15-8,immunoglobulin heavy variable 4/OR15-8 (non-functional)
ENSG00000259303,IGHV2OR16-5,immunoglobulin heavy variable 2/OR16-5 (non-functional)
ENSG00000259337,IGHV1OR15-2,immunoglobulin heavy variable 1/OR15-2 (pseudogene)
ENSG00000259490,IGHV3OR15-7,immunoglobulin heavy variable 3/OR15-7 (pseudogene)
ENSG00000259680,IGHV3OR16-17,immunoglobulin heavy variable 3/OR16-17 (non-functional)
ENSG00000259842,IGHV3OR16-16,immunoglobulin heavy variable 3/OR16-16 (pseudogene)
ENSG00000259852,IGHV1OR16-2,immunoglobulin heavy variable 1/OR16-2 (pseudogene)
ENSG00000259997,IGHV1OR16-4,immunoglobulin heavy variable 1/OR16-4 (pseudogene)
ENSG00000260048,IGHV1OR16-3,immunoglobulin heavy variable 1/OR16-3 (pseudogene)
ENSG00000261704,IGHV1OR16-1,immunoglobulin heavy variable 1/OR16-1 (pseudogene)
ENSG00000261834,IGHV3OR16-15,immunoglobulin heavy variable 3/OR16-15 (pseudogene)
ENSG00000264257,KIR3DP1,"killer cell immunoglobulin like receptor, three Ig domains pseudogene 1"
ENSG00000265243,IGLJCOR18,immunoglobulin lambda joining-constant/OR18 (pseudogene)
ENSG00000270185,IGHD1OR15-1B,immunoglobulin heavy diversity 1/OR15-1B (non-functional)
ENSG00000270187,IGKV1OR2-11,immunoglobulin kappa variable 1/OR2-11 (pseudogene)
ENSG00000270252,IGKV3OR2-5,immunoglobulin kappa variable 3/OR2-5 (pseudogene)
ENSG00000270318,IGHV3OR16-11,immunoglobulin heavy variable 3/OR16-11 (pseudogene)
ENSG00000270356,IGHV1OR15-4,immunoglobulin heavy variable 1/OR15-4 (pseudogene)
ENSG00000270450,IGKV2OR2-7,immunoglobulin kappa variable 2/OR2-7 (pseudogene)
ENSG00000270451,IGHD4OR15-4B,immunoglobulin heavy diversity 4/OR15-4B (non-functional)
ENSG00000270467,IGHV3OR16-12,immunoglobulin heavy variable 3/OR16-12 (non-functional)
ENSG00000270472,IGHV3OR16-9,immunoglobulin heavy variable 3/OR16-9 (non-functional)
ENSG00000270474,IGHV3-29,immunoglobulin heavy variable 3-29 (pseudogene)
ENSG00000270505,IGHV1OR15-1,immunoglobulin heavy variable 1/OR15-1 (non-functional)
ENSG00000270550,IGHV3-30,immunoglobulin heavy variable 3-30
ENSG00000270685,IGHV1OR15-6,immunoglobulin heavy variable 1/OR15-6 (pseudogene)
ENSG00000270748,IGKV2OR2-1,immunoglobulin kappa variable 2/OR2-1 (pseudogene)
ENSG00000270824,IGHD5OR15-5B,immunoglobulin heavy diversity 5/OR15-5B (non-functional)
ENSG00000270864,IGHV3OR16-6,immunoglobulin heavy variable 3/OR16-6 (pseudogene)
ENSG00000270961,IGHD5OR15-5A,immunoglobulin heavy diversity 5/OR15-5A (non-functional)
ENSG00000270999,IGKV1OR2-118,immunoglobulin kappa variable 1/OR2-118 (pseudogene)
ENSG00000271015,IGKV2OR2-7D,immunoglobulin kappa variable 2/OR2-7D (pseudogene)
ENSG00000271093,IGLCOR22-2,immunoglobulin lambda constant/OR22-2 (pseudogene)
ENSG00000271130,IGHV3OR16-8,immunoglobulin heavy variable 3/OR16-8 (non-functional)
ENSG00000271138,IGLVIVOR22-1,immunoglobulin lambda variable (IV)/OR22-1 (pseudogene)
ENSG00000271178,IGHV3OR16-13,immunoglobulin heavy variable 3/OR16-13 (non-functional)
ENSG00000271288,IGHV1OR15-3,immunoglobulin heavy variable 1/OR15-3 (pseudogene)
ENSG00000271317,IGHD4OR15-4A,immunoglobulin heavy diversity 4/OR15-4A (non-functional)
ENSG00000271336,IGHD1OR15-1A,immunoglobulin heavy diversity 1/OR15-1A (non-functional)
ENSG00000271351,IGKV1OR2-9,immunoglobulin kappa variable 1/OR2-9 (pseudogene)
ENSG00000271402,IGKV2OR2-2,immunoglobulin kappa variable 2/OR2-2 (pseudogene)
ENSG00000271569,IGKV1OR2-6,immunoglobulin kappa variable 1/OR2-6 (pseudogene)
ENSG00000271605,MILR1,mast cell immunoglobulin like receptor 1
ENSG00000271620,IGHV3OR16-7,immunoglobulin heavy variable 3/OR16-7 (pseudogene)
ENSG00000273962,IGKV2-40,immunoglobulin kappa variable 2-40
ENSG00000274143,KIR2DL5A,"killer cell immunoglobulin like receptor, two Ig domains and long cytoplasmic tail 5A"
ENSG00000274576,IGHV2-70,immunoglobulin heavy variable 2-70
ENSG00000275434,KIR3DS1,"killer cell immunoglobulin like receptor, three Ig domains and short cytoplasmic tail 1"
ENSG00000275475,IGHV3-54,immunoglobulin heavy variable 3-54 (pseudogene)
ENSG00000275747,IGHV3-79,immunoglobulin heavy variable 3-79 (pseudogene)
ENSG00000276050,IGKV2OR2-10,immunoglobulin kappa variable 2/OR2-10 (pseudogene)
ENSG00000276387,KIR2DS1,"killer cell immunoglobulin like receptor, two Ig domains and short cytoplasmic tail 1"
ENSG00000276427,IGLL4P,"immunoglobulin lambda like polypeptide 4, pseudogene"
ENSG00000276566,IGKV1D-13,immunoglobulin kappa variable 1D-13
ENSG00000276674,IGKV1OR1-1,immunoglobulin kappa variable 1/OR1-1 (pseudogene)
ENSG00000276775,IGHV4-4,immunoglobulin heavy variable 4-4
ENSG00000277282,IGHV1OR21-1,immunoglobulin heavy variable 1/OR21-1 (non-functional)
ENSG00000278196,IGLV2-8,immunoglobulin lambda variable 2-8
ENSG00000278473,IGHV3-41,immunoglobulin heavy variable 3-41 (pseudogene)
ENSG00000278537,IGKV2OR2-8,immunoglobulin kappa variable 2/OR2-8 (pseudogene)
ENSG00000278857,IGKV1D-12,immunoglobulin kappa variable 1D-12
ENSG00000280411,IGHV1-69D,immunoglobulin heavy variable 1-69D
ENSG00000281990,IGHV1-69-2,immunoglobulin heavy variable 1-69-2
ENSG00000282089,IGHD3OR15-3B,immunoglobulin heavy diversity 3/OR15-3B (non-functional)
ENSG00000282122,IGHV7-4-1,immunoglobulin heavy variable 7-4-1
ENSG00000282268,IGHD2OR15-2B,immunoglobulin heavy diversity 2/OR15-2B (non-functional)
ENSG00000282520,IGHD3OR15-3A,immunoglobulin heavy diversity 3/OR15-3A (non-functional)
ENSG00000282599,IGHD2OR15-2A,immunoglobulin heavy diversity 2/OR15-2A (non-functional)
ENSG00000282600,IGHV3-69-1,immunoglobulin heavy variable 3-69-1 (pseudogene)
ENSG00000282639,IGHV3-64D,immunoglobulin heavy variable 3-64D
ENSG00000282651,IGHV5-10-1,immunoglobulin heavy variable 5-10-1
ENSG00000283195,IGHVII-43-1,immunoglobulin heavy variable (II)-43-1 (pseudogene)
ENSG00000283562,IGHVIII-44,immunoglobulin heavy variable (III)-44 (pseudogene)
ENSG00000283607,IGHVII-30-21,immunoglobulin heavy variable (II)-30-21 (pseudogene)
ENSG00000283703,VSIG10L2,V-set and immunoglobulin domain containing 10 like 2
ENSG00000283906,IGHV4-80,immunoglobulin heavy variable 4-80 (pseudogene)
ENSG00000283948,IGHVIII-16-1,immunoglobulin heavy variable (III)-16-1 (pseudogene)
